{"cameraMode":{"drawMode":0,"name":"Shaded","section":"Shading Mode"},"sceneLighting":true,"audioPlay":false,"sceneViewState":{"m_AlwaysRefresh":false,"showFog":true,"showSkybox":true,"showFlares":true,"showImageEffects":true,"showParticleSystems":true,"showVisualEffectGraphs":true,"m_FxEnabled":true},"in2DMode":false,"pivot":{"x":-2.7293717861175539,"y":21.7392520904541,"z":49.885257720947269},"rotation":{"x":-0.0033066568430513145,"y":0.9573725461959839,"z":-0.288936585187912,"w":-0.010894953273236752},"size":446.2562255859375,"orthographic":true}